{
  "cyLayout_-686165137": {
    "s0": {
      "x": -42.58424764738806,
      "y": 42.43602248822546
    },
    "event_s1_s0_escape": {
      "x": 120.82588221733866,
      "y": -32.68504803485814
    },
    "s2": {
      "x": 638.1666858673095,
      "y": 10.073351097106933
    },
    "event_s1_s2_timeout": {
      "x": 509.83334770202634,
      "y": 16.073351097106936
    },
    "s1": {
      "x": 328.49986721114027,
      "y": 21.490931950671715
    },
    "event_s0_s1_start": {
      "x": 118.49620563159786,
      "y": 146.1176299207471
    }
  },
  "cyLayout_9df772ec16068a560036dd2eabb93ccff84d688c": {
    "event_s/i1_s/i2_s/b": {
      "x": 500.53783141847697,
      "y": 139.74137570608823
    },
    "w/i0": {
      "x": -69.33333320617669,
      "y": 129.96961936950683
    },
    "s/i1": {
      "x": 926.3543974544168,
      "y": 137.76872681752693
    },
    "event_w/i0_w/i1_w/a": {
      "x": 102.33333549499514,
      "y": 0.07378501892090128
    },
    "s/i0": {
      "x": 793.6983707907468,
      "y": 12.973636219573459
    },
    "w/i1": {
      "x": 214.000004196167,
      "y": 0.07378501892090128
    },
    "event_s/a_s/b_": {
      "x": 690.9473192691121,
      "y": 90.37954184824807
    },
    "w": {
      "x": 112.91666870117191,
      "y": 75.37066078186035
    },
    "event_s/i0_s/i1_s/a": {
      "x": 925.7994129355268,
      "y": 21.823710573477577
    },
    "s": {
      "x": 713.6961144364469,
      "y": 75.37118151855019
    },
    "event_w/i1_w/i0_w/c": {
      "x": 102.33333549499514,
      "y": 161.16753654479982
    },
    "s/i2": {
      "x": 503.04457704325716,
      "y": 22.865948318423232
    },
    "event_w/a_w/noAs_": {
      "x": -34.00915167887031,
      "y": 54.22192534746536
    },
    "event_w/c_s/b_": {
      "x": 295.6666706085205,
      "y": 95.17014007568359
    },
    "event_s/i2_s/i0_s/d": {
      "x": 670.799363631911,
      "y": 15.103738733015053
    },
    "event_w/a_w/a_w/noAs": {
      "x": -32.6592260632875,
      "y": -2.323834801781915
    }
  },
  "cyLayout_2047968115": {
    "event_B/i2_B/i0_B/off": {
      "x": 746.9444618225098,
      "y": 281.54166870117183
    },
    "event_B/goLeft_B/goLeft_": {
      "x": 376.94445648193357,
      "y": 321.14062728881834
    },
    "B": {
      "x": 482.77778778076174,
      "y": 207.44271011352538
    },
    "event_A/look_B/goRight_": {
      "x": 492.5294592744266,
      "y": -12.500132609747688
    },
    "event_B/goRight_B/goLeft_": {
      "x": 438.94445915222167,
      "y": 282.59114799499514
    },
    "B/i0": {
      "x": 846.6111282348633,
      "y": 281.54166870117183
    },
    "event_A/i0_A/i1_A/look": {
      "x": 301.5294520265018,
      "y": -116.74752907886389
    },
    "B/i1": {
      "x": 118.94444732666017,
      "y": 189.44271011352538
    },
    "B/i2": {
      "x": 587.2777954101563,
      "y": 281.54166870117183
    },
    "event_B/i1_B/i2_B/goRight": {
      "x": 500.94446182250977,
      "y": 244.0416687011719
    },
    "event_A/i1_A/i0_A/restart": {
      "x": 301.5294520265018,
      "y": -174.94544625415685
    },
    "A": {
      "x": 309.2794541245853,
      "y": -74.44804978504064
    },
    "A/i1": {
      "x": 416.5294550782596,
      "y": -116.74752907886389
    },
    "event_B/i1_B/i2_B/goLeft": {
      "x": 376.94445648193357,
      "y": 321.14062728881834
    },
    "event_B/i0_B/i1_B/on": {
      "x": 587.2777954101563,
      "y": 93.74479293823242
    },
    "event_B/goRight_B/goRight_": {
      "x": 500.94446182250977,
      "y": 244.0416687011719
    },
    "event_B/goLeft_B/goRight_": {
      "x": 438.94445915222167,
      "y": 282.59114799499514
    },
    "A/i0": {
      "x": 126.52944897474401,
      "y": -116.74752907886389
    },
    "event_A/look_B/goLeft_": {
      "x": 430.5294566041385,
      "y": 26.049346684075573
    }
  },
  "cyLayout_-458202257": {
    "s0": {
      "x": -126.625,
      "y": 166.125
    },
    "event_aa_aa_offA2": {
      "x": 162.4174693611482,
      "y": 31.738615929717234
    },
    "event_s1_s2_cc": {
      "x": 617.8482153916281,
      "y": -49.76049396403599
    },
    "event_aa_bb_onB": {
      "x": 78.44432889389033,
      "y": 96.12909139217652
    },
    "event_s0_s1_aa": {
      "x": -11.388411035278487,
      "y": -39.351416677557836
    },
    "s1": {
      "x": 394.83772142759216,
      "y": -54.96709703445592
    },
    "event_bb_offA2_onOffA": {
      "x": 270.4268264664354,
      "y": 100.49270732189376
    },
    "s2": {
      "x": 810.8359786772837,
      "y": -54.379375606863746
    },
    "event_s1_s0_bb": {
      "x": 424.625,
      "y": 173.625
    }
  },
  "cyLayout_fec6ce0548df92970f1c829a2d683c30110a5d3a": {
    "s0": {
      "x": -6.666665649414057,
      "y": 112.07161540985106
    },
    "event_s1_s0_b": {
      "x": 145.00000381469727,
      "y": 146.86849117279053
    },
    "event_s0_s1_a": {
      "x": 145.00000381469727,
      "y": 1.3736982345581055
    },
    "event_a_a_offA": {
      "x": 116.88435389211898,
      "y": 87.35286660586846
    },
    "s1": {
      "x": 236.6666732788086,
      "y": 1.3736982345581055
    }
  },
  "cyLayout_-574536578": {
    "event_ct50_ct50_lastct50": {
      "x": 104.23048759507415,
      "y": 123.27680051009284
    },
    "event_Chocolate_Insert_GetChoc": {
      "x": 293.8333436965942,
      "y": 271.4396726608276
    },
    "event_Insert_Coffee_ct50": {
      "x": 135.50937870417528,
      "y": -10.60259819276365
    },
    "event_ct50_lastct50_": {
      "x": 189.59579458032928,
      "y": 122.80474476550442
    },
    "event_eur1_ct50_": {
      "x": 280.9084571715577,
      "y": 75.84592113494872
    },
    "Chocolate": {
      "x": 525.833346748352,
      "y": 161.6427968978882
    },
    "event_ct50_eur1_": {
      "x": 395.59772457159494,
      "y": -13.42924723894398
    },
    "Coffee": {
      "x": -39.808161467150796,
      "y": -7.344380368898946
    },
    "Insert": {
      "x": -35.16949182191627,
      "y": 173.97082474914896
    },
    "event_eur1_eur1_": {
      "x": 403.5000108718872,
      "y": 161.6427968978882
    },
    "event_Coffee_Insert_GetCoffee": {
      "x": -36.52452239588075,
      "y": 80.58908211616453
    },
    "event_Insert_Chocolate_eur1": {
      "x": 403.5000108718872,
      "y": 161.6427968978882
    }
  },
  "cyLayout_9961f09fc7c0aca149a43bf65bd98405c9a039d8": {
    "event_ct50_ct50_lastct50": {
      "x": -14.448323688721441,
      "y": -35.8244043329135
    },
    "event_Chocolate_Insert_GetChoc": {
      "x": 285.1584245284808,
      "y": 256.25856411662903
    },
    "event_Insert_Coffee_ct50": {
      "x": -17.339963411425963,
      "y": 40.65274051933804
    },
    "event_ct50_lastct50_": {
      "x": 83.14451695255538,
      "y": -35.177148301946254
    },
    "event_eur1_ct50_": {
      "x": 145.36796830560644,
      "y": 46.20661397722763
    },
    "Chocolate": {
      "x": 280.76688024914563,
      "y": 44.53138812835595
    },
    "event_ct50_eur1_": {
      "x": 33.31692905080702,
      "y": 124.28088649024926
    },
    "Coffee": {
      "x": -144.97298422381354,
      "y": 40.652740519338025
    },
    "Insert": {
      "x": -20.8333333969116,
      "y": 241.74175548553467
    },
    "event_eur1_eur1_": {
      "x": 201.08523028257227,
      "y": 172.48644585803007
    },
    "event_Coffee_Insert_GetCoffee": {
      "x": -148.9095707944806,
      "y": 240.96466541621075
    },
    "event_Insert_Chocolate_eur1": {
      "x": 144.69825568983455,
      "y": 126.94312022543414
    }
  },
  "cyLayout_1142917255": {
    "soda": {
      "x": 623.6111253738403,
      "y": -15.350694274902338
    },
    "event_soda_pay_getSoda": {
      "x": 359.9444482803345,
      "y": 42.84722290039063
    },
    "event_beer_pay_getBeer": {
      "x": 359.9444482803345,
      "y": 330.8368087768555
    },
    "event_askSoda_askSoda_noSoda": {
      "x": 623.5635246546359,
      "y": 115.64538060198407
    },
    "event_askSoda_noSoda_": {
      "x": 516.5377629544984,