{
  "cyLayout_9df772ec16068a560036dd2eabb93ccff84d688c": {
    "event_s/i1_s/i2_s/b": {
      "x": 500.53783141847697,
      "y": 139.74137570608823
    },
    "w/i0": {
      "x": -69.33333320617669,
      "y": 129.96961936950683
    },
    "s/i1": {
      "x": 926.3543974544168,
      "y": 137.76872681752693
    },
    "event_w/i0_w/i1_w/a": {
      "x": 102.33333549499514,
      "y": 0.07378501892090128
    },
    "s/i0": {
      "x": 793.6983707907468,
      "y": 12.973636219573459
    },
    "w/i1": {
      "x": 214.000004196167,
      "y": 0.07378501892090128
    },
    "event_s/a_s/b_": {
      "x": 690.9473192691121,
      "y": 90.37954184824807
    },
    "w": {
      "x": 112.91666870117191,
      "y": 75.37066078186035
    },
    "event_s/i0_s/i1_s/a": {
      "x": 925.7994129355268,
      "y": 21.823710573477577
    },
    "s": {
      "x": 713.6961144364469,
      "y": 75.37118151855019
    },
    "event_w/i1_w/i0_w/c": {
      "x": 102.33333549499514,
      "y": 161.16753654479982
    },
    "s/i2": {
      "x": 503.04457704325716,
      "y": 22.865948318423232
    },
    "event_w/a_w/noAs_": {
      "x": -34.00915167887031,
      "y": 54.22192534746536
    },
    "event_w/c_s/b_": {
      "x": 295.6666706085205,
      "y": 95.17014007568359
    },
    "event_s/i2_s/i0_s/d": {
      "x": 670.799363631911,
      "y": 15.103738733015053
    },
    "event_w/a_w/a_w/noAs": {
      "x": -32.6592260632875,
      "y": -2.323834801781915
    }
  },
  "cyLayout_fec6ce0548df92970f1c829a2d683c30110a5d3a": {
    "s0": {
      "x": -6.666665649414057,
      "y": 112.07161540985106
    },
    "event_s1_s0_b": {
      "x": 145.00000381469727,
      "y": 146.86849117279053
    },
    "event_s0_s1_a": {
      "x": 145.00000381469727,
      "y": 1.3736982345581055
    },
    "event_a_a_offA": {
      "x": 116.88435389211898,
      "y": 87.35286660586846
    },
    "s1": {
      "x": 236.6666732788086,
      "y": 1.3736982345581055
    }
  },
  "cyLayout_9961f09fc7c0aca149a43bf65bd98405c9a039d8": {
    "event_ct50_ct50_lastct50": {
      "x": -14.448323688721441,
      "y": -35.8244043329135
    },
    "event_Chocolate_Insert_GetChoc": {
      "x": 285.1584245284808,
      "y": 256.25856411662903
    },
    "event_Insert_Coffee_ct50": {
      "x": -17.339963411425963,
      "y": 40.65274051933804
    },
    "event_ct50_lastct50_": {
      "x": 83.14451695255538,
      "y": -35.177148301946254
    },
    "event_eur1_ct50_": {
      "x": 145.36796830560644,
      "y": 46.20661397722763
    },
    "Chocolate": {
      "x": 280.76688024914563,
      "y": 44.53138812835595
    },
    "event_ct50_eur1_": {
      "x": 33.31692905080702,
      "y": 124.28088649024926
    },
    "Coffee": {
      "x": -144.97298422381354,
      "y": 40.652740519338025
    },
    "Insert": {
      "x": -20.8333333969116,
      "y": 241.74175548553467
    },
    "event_eur1_eur1_": {
      "x": 201.08523028257227,
      "y": 172.48644585803007
    },
    "event_Coffee_Insert_GetCoffee": {
      "x": -148.9095707944806,
      "y": 240.96466541621075
    },
    "event_Insert_Chocolate_eur1": {
      "x": 144.69825568983455,
      "y": 126.94312022543414
    }
  },
  "cyLayout_c9ea7ac0861a844c9ea4635170868d06bcf12334": {
    "soda": {
      "x": 511.56690779513264,
      "y": -70.53665218680308
    },
    "event_soda_pay_getSoda": {
      "x": 329.00686581457194,
      "y": -59.16318414888044
    },
    "event_beer_pay_getBeer": {
      "x": 359.9444482803345,
      "y": 330.8368087768555
    },
    "event_askSoda_askSoda_noSoda": {
      "x": 507.9444536209106,
      "y": 56.19286004057292
    },
    "event_askSoda_noSoda_": {
      "x": 596.5764466309329,
      "y": -10.934575021653767
    },
    "beer": {
      "x": 514.911511304945,
      "y": 331.1694530232754
    },
    "event_select_soda_askSoda": {
      "x": 507.9444536209106,
      "y": -15.350694274902338
    },
    "event_select_beer_askBeer": {
      "x": 509.61675537581664,
      "y": 214.10833017984962
    },
    "pay": {
      "x": -36.38889064788816,
      "y": 144.24305725097656
    },
    "event_askBeer_askBeer_noBeer": {
      "x": 507.9444536209106,
      "y": 152.3114544169101
    },
    "select": {
      "x": 270.27778034210206,
      "y": 144.24305725097656
    },
    "event_pay_select_insertCoin": {
      "x": 142.61111087799074,
      "y": 144.24305725097656
    }
  },
  "cyLayout_bb2177c917e40e7e3f9b695c56ece10617d965e1": {
    "event_B/i2_B/i0_B/off": {
      "x": 746.9444618225098,
      "y": 281.54166870117183
    },
    "event_B/goLeft_B/goLeft_": {
      "x": 289.6963033375158,
      "y": 324.5846333339927
    },
    "B": {
      "x": 482.77778778076174,
      "y": 209.16471313611257
    },
    "event_A/look_B/goRight_": {
      "x": 456.8887125020254,
      "y": -4.853981665268627
    },
    "event_B/goRight_B/goLeft_": {
      "x": 398.764388625187,
      "y": 225.1910472420887
    },
    "B/i0": {
      "x": 846.6111282348633,
      "y": 281.54166870117183
    },
    "event_A/i0_A/i1_A/look": {
      "x": 265.88870525410067,
      "y": -109.10137813438487
    },
    "B/i1": {
      "x": 118.94444732666017,
      "y": 189.44271011352538
    },
    "B/i2": {
      "x": 587.2777954101563,
      "y": 281.54166870117183
    },
    "event_B/i1_B/i2_B/goRight": {
      "x": 476.8364195062891,
      "y": 176.30954981274226
    },
    "event_A/i1_A/i0_A/restart": {
      "x": 265.88870525410067,
      "y": -167.2992953096778
    },
    "A": {
      "x": 273.63870735218416,
      "y": -66.80189884056159
    },
    "A/i1": {
      "x": 380.8887083058585,
      "y": -109.10137813438487
    },
    "event_B/i1_B/i2_B/goLeft": {
      "x": 347.0964040904222,
      "y": 282.1085587768419
    },
    "event_B/i0_B/i1_B/on": {
      "x": 587.2777954101563,
      "y": 93.74479293823242
    },
    "event_B/goRight_B/goRight_": {
      "x": 590.4886189970439,
      "y": 193.5295800386142
    },
    "event_B/goLeft_B/goRight_": {
      "x": 483.7165377394887,
      "y": 252.74309560348374
    },
    "A/i0": {
      "x": 90.88870220234287,
      "y": -109.10137813438487
    },
    "event_A/look_B/goLeft_": {
      "x": 394.8887098317374,
      "y": 33.69549762855463
    }
  },
  "cyLayout_5bf9b30c2b6313737e2f60b57649cad9f15dd613": {
    "s0": {
      "x": 5.915974622075165,
      "y": 40.839122018248496
    },
    "event_s1_s0_escape": {
      "x": 150.2224939828676,
      "y": -54.65366066319672
    },
    "s2": {
      "x": 632.1389930618483,
      "y": 29.878627457908056
    },
    "event_s1_s2_timeout": {
      "x": 482.2781805913466,
      "y": 28.128736708029344
    },
    "s1": {
      "x": 305.7232999823737,
      "y": 31.545439791403087
    },
    "event_s0_s1_start": {
      "x": 179.49985903796494,
      "y": 136.5103111671445
    }
  },
  "cyLayout_95ea1f4b15086a5389fe7aea371616bf0b89b8b0": {
    "s0": {
      "x": -126.625,
      "y": 166.125
    },
    "event_aa_aa_offA2": {
      "x": 78.499185768984,
      "y": 47.980076157470016
    },
    "event_s1_s2_cc": {
      "x": 620.3883812563553,
      "y": -8.223681613298195
    },
    "event_aa_bb_onB": {
      "x": 13.243161329819529,
      "y": 98.38828256168665
    },
    "event_s0_s1_aa": {
      "x": -41.89484982152854,
      "y": -10.888307235353777
    },
    "s1": {
      "x": 386.5593767489156,
      "y": -8.500172715670018
    },
    "event_bb_offA2_onOffA": {
      "x": 139.4534123394281,
      "y": 95.09201565878773
    },
    "s2": {
      "x": 791.6186301294953,
      "y": -5.947363226596364
    },
    "event_s1_s0_bb": {
      "x": 203.822116489925,
      "y": 169.0723632265964
    }
  }
}